{"cameraMode":{"drawMode":2,"name":"Shaded Wireframe","section":"Shading Mode"},"sceneLighting":false,"audioPlay":false,"sceneViewState":{"showFog":true,"showMaterialUpdate":true,"showSkybox":false,"showFlares":true,"showImageEffects":true,"showParticleSystems":true},"in2DMode":false,"pivot":{"x":0.4122309684753418,"y":0.05398273468017578,"z":-0.23020055890083314},"rotation":{"x":0.708233118057251,"y":-0.13913363218307496,"z":-0.6766440272331238,"w":-0.14562837779521943},"size":3.7770230770111086,"orthographic":false}