{"cameraMode":{"drawMode":2,"name":"Shaded Wireframe","section":"Shading Mode"},"sceneLighting":false,"audioPlay":false,"sceneViewState":{"showFog":true,"showMaterialUpdate":true,"showSkybox":false,"showFlares":true,"showImageEffects":true,"showParticleSystems":true},"in2DMode":false,"pivot":{"x":5.98746919631958,"y":-12.354389190673829,"z":-59.55379867553711},"rotation":{"x":-0.006028314121067524,"y":-0.9922517538070679,"z":0.11210130900144577,"w":-0.05333833023905754},"size":64.28938293457031,"orthographic":false}